,6-area+-simple2-,converged_iterations,total_time,min
20_s5_k8,418.0,2582.0,218.26519513130188,418.0
20_s8_k3,525.0,2852.0,342.20048928260803,525.0
T8_J50,50100.0,4994.0,865.0387845039368,49800.0
