,6-area+-simple2-,converged_iterations,total_time,min
20_s5_k8,418.0,2915.0,236.63817381858826,417.0
20_s8_k3,525.0,2960.0,341.3846733570099,524.0
T8_J50,51120.0,3275.0,543.5095703601837,49920.0
