,6-area-simple2-,converged_iterations,total_time,min
20_s5_k8,434.0,2501.0,202.09119486808777,427.0
20_s8_k3,529.0,3032.0,354.08929657936096,527.0
T8_J50,50700.0,4382.0,756.1158845424652,50580.0
