,6-area+-simple2-,converged_iterations,total_time,min
20_s5_k8,428.0,2888.0,233.9636218547821,424.0
20_s8_k3,529.0,2276.0,259.72878098487854,524.0
T8_J50,50520.0,3329.0,588.7099375724792,49860.0
