,6-area-simple2-,converged_iterations,total_time,min
20_s5_k8,435.0,4049.0,352.1765570640564,433.0
20_s8_k3,528.0,2987.0,372.8273870944977,526.0
T8_J50,51000.0,2933.0,480.6104483604431,50670.0
