,6-idle-simple2-,converged_iterations,total_time,min
20_s5_k8,428.0,3347.0,296.67057180404663,426.0
20_s8_k3,528.0,3401.0,430.32310342788696,526.0
T8_J50,50520.0,3221.0,555.2833521366119,50400.0
